[
    {
        "titulo": "Receita de miojo",
        "detalhes": "Bata com um martelo antes de abrir o pacote. Misture o tempero, coloque em uma vasilha e aproveite seu snack :)"
    },
    {
        "titulo": "Pão doce",
        "detalhes": "Abra o pão e coloque o seu suco em pó favorito."
    },
    {
        "titulo": "Sorvete com cristais de leite",
        "detalhes": "Sirva o seu sorvete favorito em uma vasilha e jogue leite em cima."
    },
    {
        "titulo": "Iogurte natural",
        "detalhes": "Deixe o leite fora da geladeira (esse é mentira, não faça isso)."
    },
    {
        "titulo": "Homer Simpson",
        "detalhes": "~( 8(|)"
    },
    {
        "titulo": "Numero mágico",
        "detalhes": "142857"
    },
    {
        "titulo": "Série da Fundação - Isaac Asimov",
        "detalhes": "É boa, leia."
    },
    {
        "titulo": "Sorvete de",
        "detalhes": "Banana e Caramelo"
    },
    {
        "titulo": "Sorvete de",
        "detalhes": "Banana e Caramelo"
    },
    {
        "titulo": "Sorvete de",
        "detalhes": "Banana e Caramelo"
    },
    {
        "titulo": "Sorvete de",
        "detalhes": "Caramelo\r\n"
    },
    {
        "titulo": "quwued0ijqwpoe",
        "detalhes": "whievfhai0pmjqwpr"
    }
]